ichbinnohomo,8c449e15-a892-42e4-a00a-a4b20d50330a
okoqkweoqkwe,9a56fa0c-313c-4da3-87d9-a82fddf17ce6
cantaloupe01,823facbf-425e-48ea-8e02-3c1ec9c3b93e
jugswe,3ccfb117-48fe-47ea-9046-440e8d43d02a
moomoomilk03,9d4eccb1-e5ed-4aac-bb91-22fd9e8fcdeb
abdulai,a5f19bd5-cecc-4c34-90a6-98bf3e8fb0e2
piko2punk0,8defa33f-438f-418b-9f99-59e198cf4360
etori,f8108fda-ba37-43cc-856f-6b84578df1ea
ippyson,614a3bb3-baa8-4ba0-bcb3-76e5a4458b44
xxwakaxx,a7496e6e-6d8b-4c0e-82b6-359d60b27ab0
farbror_anna,134afa59-e9a7-402a-9e70-09cef3c2485f
fradericko,2893bc20-70fc-4564-a2b7-73bc801a820c
indrit,1e57c422-32d1-44ec-9d7c-76127ee8603f
jazzzooo,5c60e979-2c42-4964-ab5a-84b10cdb231e
kundvagn,a6611ad8-a06c-4049-a74e-f9f0fd291c67
byggareborg,cc1b68af-0607-479b-b845-64df67ee6676
zigo123,96a80cd5-8f74-4114-8607-96bad0bbd1da
douglas,02731099-057b-4d8c-8287-ac3ccbac8b3d
mr_spybot,29070a94-8853-4478-a822-e5d9236c9dae
raketkalle,1adbc710-ed35-42dc-8ae6-fc5f1022e51c
_ralleballe_,22d9fa3b-aa03-43c6-bf6e-8ba96dd2d532
